Repository Name,Repository Username,Stars Received,Repository URL
aseprite,aseprite,21000, https://github.com/aseprite/aseprite
piskel,piskelapp,9800, https://github.com/piskelapp/piskel
gitfiti,gelstudios,7600, https://github.com/gelstudios/gitfiti
dicebear,dicebear,5700, https://github.com/dicebear/dicebear
pixel-art-react,jvalen,4700, https://github.com/jvalen/pixel-art-react
Pixelorama,Orama-Interactive,4500, https://github.com/Orama-Interactive/Pixelorama
LibreSprite,LibreSprite,3300, https://github.com/LibreSprite/LibreSprite
rx,cloudhead,2700, https://github.com/cloudhead/rx
img2css,javierbyte,2400, https://github.com/javierbyte/img2css
obelisk.js,nosir,2300, https://github.com/nosir/obelisk.js
blockbench,JannisX11,1900, https://github.com/JannisX11/blockbench
Cytopia,CytopiaTeam,1700, https://github.com/CytopiaTeam/Cytopia
pixel8,vsmode,1600, https://github.com/vsmode/pixel8
geopattern,pravj,1200, https://github.com/pravj/geopattern
github-spray,Annihil,1200, https://github.com/Annihil/github-spray
PixelCraft,rgab1508,1000, https://github.com/rgab1508/PixelCraft
slate,mitchcurtis,964, https://github.com/mitchcurtis/slate
awesome-pixel-art,Siilwyn,837, https://github.com/Siilwyn/awesome-pixel-art
PixiEditor,PixiEditor,836, https://github.com/PixiEditor/PixiEditor
jumpy,fishfolk,804, https://github.com/fishfolk/jumpy
